<?xml version="1.0" encoding="UTF-8"?>
<Actualizaciones>
    <!-- Caso 1: Actualizar donación y fecha de un patrocinador existente -->
    <Patrocinador idEquipo="E1" nombreEquipo="Rápidos del Norte">
        <nombre>Adidas</nombre>
        <Donacion fecha="2024-10-12">2500.0</Donacion>
    </Patrocinador>

    <!-- Caso 2: Añadir nuevo patrocinador a equipo existente -->
    <Patrocinador idEquipo="E2" nombreEquipo="Truenos del Oeste">
        <nombre>Columbia</nombre>
        <Donacion fecha="2025-03-01">1800.0</Donacion>
    </Patrocinador>

    <!-- Caso 3: Actualizar fecha de patrocinador existente -->
    <Patrocinador idEquipo="E3" nombreEquipo="Correcaminos">
        <nombre>ASICS</nombre>
        <Donacion fecha="2025-01-20">800.0</Donacion>
    </Patrocinador>

    <!-- Caso 4: Añadir nuevo patrocinador a equipo existente -->
    <Patrocinador idEquipo="E4" nombreEquipo="Atléticos del Sur">
        <nombre>Merrell</nombre>
        <Donacion fecha="2025-04-15">950.0</Donacion>
    </Patrocinador>

    <!-- Caso 5: Añadir patrocinador a equipo nuevo -->
    <Patrocinador idEquipo="E9" nombreEquipo="Relámpagos del Este">
        <nombre>Joma</nombre>
        <Donacion fecha="2025-05-10">1200.0</Donacion>
    </Patrocinador>
</Actualizaciones>